rn	time	conc
1	2.4	0.057236896222602
1	5.6	0.042037779600485
1	7.4	0.034604707096512
1	9.5	0.027898466327743
1	12	0.022020387568614
1	15	0.016974354258642
1	20	0.011414621226081
1	24	0.00846380200357
2	2.4	0.057228563382109
2	5.6	0.043074765326077
2	7.4	0.035482023042391
2	9.5	0.02848996146467
2	12	0.022235542828984
2	15	0.016781021232833
2	20	0.010764216995748
2	24	0.007642856865332
